Field;x%;y%;w%;h%;align;fontMinPt;fontMaxPt;bold
Credits;0.0322857142857143;0.953011363636364;0.935412698412698;0.0336704545454545;center;5;5;false
Lore;0.0307142857142857;0.875693181818182;0.937793650793651;0.078875;center;9;9;false
Art;0.0314920634920635;0.268068181818182;0.937015873015873;0.360590909090909;center;9;11;false
Name;0.187396825396825;0.0233295454545455;0.625206349206349;0.0791136363636364;center;11;11;true
Id;0.0307142857142857;0.627784090909091;0.937793650793651;0.249045454545455;center;8;10;false
Cost;0.498412698412698;0.101886363636364;0.468507936507936;0.0636363636363636;center;10;10;false
Type;0.0314920634920635;0.101318181818182;0.937;0.0769772727272727;center;10;10;false
Requirements;0.0314920634920635;0.177318181818182;0.937015873015873;0.0918863636363636;center;9;9;false
Hab1s;0.0307142857142857;0.627784090909091;0.937793650793651;0.249045454545455;center;10;10;false
